title,views,sold_date,price,author_id
Some Book Tilte 1,0,2001-01-01,1000,1
Some Book Tilte 2,0,2001-01-01,2000,1
Some Book Tilte 3,0,2001-01-01,3000,1
Some Book Tilte 4,0,2001-01-01,4000,1
Some Book Tilte 11,0,2001-01-01,100,2
Some Book Tilte 12,0,2001-01-01,200,2
Some Book Tilte 13,0,2001-01-01,300,2
Some Book Tilte 14,0,2001-01-01,400,2
Some Book Tilte 21,0,2001-01-01,10,3
Some Book Tilte 22,0,2001-01-01,20,3
Some Book Tilte 23,0,2001-01-01,30,3
Some Book Tilte 24,0,2001-01-01,40,3
Some Book Tilte 31,0,2001-01-01,1,4
Some Book Tilte 32,0,2001-01-01,2,4
Some Book Tilte 33,0,2001-01-01,3,4
Some Book Tilte 34,0,2001-01-01,4,4
Some Book Tilte 41,0,2001-01-01,10000,5
Some Book Tilte 42,0,2001-01-01,20000,5
Some Book Tilte 43,0,2001-01-01,30000,5
Some Book Tilte 44,0,2001-01-01,40000,5
Some Book Tilte 51,0,2001-01-01,50000,6
Some Book Tilte 52,0,2001-01-01,60000,6
Some Book Tilte 53,0,2001-01-01,70000,6
Some Book Tilte 54,0,2001-01-01,80000,6